Time,DRIVE_FE(0),MSPEED(0),DRIVE_CURRENT(0),DPOS(0)
0.0,1.66893e-05,0.01192,48.0,55.0
0.01,2.47955e-05,-0.00095,34.0,55.0
0.02,2.0504e-05,-0.01287,41.0,55.0
0.03,2.71797e-05,-0.00381,33.0,55.0
0.04,1.43051e-05,-0.01287,49.0,55.0
0.05,2.24113e-05,0.0,51.0,55.0
0.06,1.14441e-05,0.00906,38.0,55.0
0.07,2.0504e-05,0.00095,38.0,55.0
0.08,2.28882e-05,0.00954,42.0,55.0
0.09,1.00136e-05,0.02003,35.0,55.0
0.1,2.43187e-05,-0.00811,33.0,55.0
0.11,3.29018e-05,-0.01431,33.0,55.0
0.12,1.66893e-05,0.00858,35.0,55.0
0.13,2.57492e-05,-0.0124,41.0,55.0
0.14,2.24113e-05,-0.00286,28.0,55.0
0.15,1.38283e-05,0.00715,40.0,55.0
0.16,2.47955e-05,0.00763,43.0,55.0
0.17,2.14577e-05,-0.01001,33.0,55.0
0.18,1.66893e-05,-0.00763,43.0,55.0
0.19,2.00272e-05,0.01764,44.0,55.0
0.2,1.95503e-05,-0.00334,49.0,55.0
0.21,1.33514e-05,-0.00715,42.0,55.0
0.22,1.71661e-05,-0.01383,34.0,55.0
0.23,2.09808e-05,0.01192,39.0,55.0
0.24,2.0504e-05,0.01574,38.0,55.0
0.25,2.19345e-05,0.00811,41.0,55.0
0.26,3.29018e-05,-0.02432,44.0,55.0
0.27,2.3365e-05,-0.00525,47.0,55.0
0.28,1.7643e-05,-0.01478,47.0,55.0
0.29,1.38283e-05,-0.00286,42.0,55.0
0.3,2.47955e-05,-0.00477,43.0,55.0
0.31,2.3365e-05,-0.01621,44.0,55.0
0.32,1.66893e-05,0.00286,36.0,55.0
0.33,2.38419e-05,0.00381,35.0,55.0
0.34,2.19345e-05,-0.00238,48.0,55.0
0.35,2.81334e-05,-0.01478,38.0,55.0
0.36,4.76837e-06,0.00906,31.0,55.0
0.37,7.62939e-06,0.02527,36.0,55.0
0.38,1.66893e-05,-0.00286,34.0,55.0
0.39,2.09808e-05,-0.0124,42.0,55.0
0.4,1.00136e-05,0.00191,41.0,55.0
0.41,8.10623e-06,0.00095,36.0,55.0
0.42,3.29018e-05,-0.00572,34.0,55.0
0.43,1.43051e-05,-0.00477,29.0,55.0
0.44,2.19345e-05,0.00477,33.0,55.0
0.45,2.19345e-05,0.00811,39.0,55.0
0.46,8.10623e-06,0.01192,37.0,55.0
0.47,9.53674e-06,0.02289,34.0,55.0
0.48,2.52724e-05,-0.01669,41.0,55.0
0.49,3.67165e-05,-0.01907,46.0,55.0
0.5,1.85966e-05,0.01526,31.0,55.0
0.51,1.52588e-05,0.00525,46.0,55.0
0.52,2.81334e-05,-0.00525,32.0,55.0
0.53,1.19209e-05,-0.00334,42.0,55.0
0.54,2.71797e-05,-0.00906,41.0,55.0
0.55,1.14441e-05,-0.00095,30.0,55.0
0.56,2.67029e-05,-0.00858,56.0,55.0
0.57,9.53674e-06,0.01669,45.0,55.0
0.58,9.05991e-06,0.00572,40.0,55.0
0.59,1.90735e-05,0.00572,34.0,55.0
0.6,1.62125e-05,0.01049,47.0,55.0
0.61,1.90735e-05,0.00238,43.0,55.0
0.62,2.0504e-05,-0.00095,43.0,55.0
0.63,1.71661e-05,0.01001,45.0,55.0
0.64,3.14713e-05,-0.00858,30.0,55.0
0.65,2.3365e-05,-0.00191,30.0,55.0
0.66,1.23978e-05,0.0205,36.0,55.0
0.67,2.57492e-05,-0.00477,41.0,55.0
0.68,2.14577e-05,0.01001,39.0,55.0
0.69,2.28882e-05,-0.01192,45.0,55.0
0.7,2.67029e-05,-0.01097,49.0,55.0
0.71,2.90871e-05,-0.0124,32.0,55.0
0.72,1.95503e-05,0.01287,34.0,55.0
0.73,2.38419e-05,0.0186,45.0,55.0
0.74,1.57356e-05,0.01192,43.0,55.0
0.75,2.00272e-05,0.00048,42.0,55.0
0.76,1.81198e-05,-0.00238,32.0,55.0
0.77,2.76566e-05,-0.0205,42.0,55.0
0.78,2.0504e-05,-0.00381,41.0,55.0
0.79,1.57356e-05,-0.00668,32.0,55.0
0.8,1.04904e-05,0.00286,33.0,55.0
0.81,0.03181,1.10006,346.0,55.12017
0.82,0.16567,97.05257,1013.0,55.85517
0.83,0.18102,135.65493,805.0,57.11114
0.84,0.29949,102.04268,899.0,58.41114
0.85,0.35419,131.31428,793.0,59.71114
0.86,0.34173,138.70859,869.0,61.01114
0.87,0.26839,132.10726,871.0,62.31114
0.88,0.22629,138.27324,887.0,63.61114
0.89,0.10841,144.063,696.0,64.91114
0.9,0.05345,130.6386,790.0,66.21114
0.91,0.04403,133.78048,827.0,67.51114
0.92,0.00454,132.65562,727.0,68.81114
0.93,0.00294,126.9908,809.0,70.11114
0.94,0.0332,130.05352,879.0,71.41114
0.95,0.00641,133.03852,767.0,72.71114
0.96,-0.01247,126.56212,773.0,74.01114
0.97,0.02291,129.56095,876.0,75.31114
0.98,-0.00149,129.7946,796.0,76.61114
0.99,-0.03514,127.93732,738.0,77.91114
1.0,0.00491,127.74038,840.0,79.21114
1.01,-0.0145,135.47182,720.0,80.51114
1.02,-0.01397,128.25823,801.0,81.81114
1.03,0.03041,125.73481,909.0,83.11114
1.04,0.02394,133.55827,795.0,84.41114
1.05,0.00494,127.32315,809.0,85.71114
1.06,0.04007,128.01123,917.0,87.01114
1.07,0.02449,132.70664,817.0,88.31114
1.08,-0.00436,129.67491,806.0,89.61114
1.09,0.03157,127.82288,937.0,90.91114
1.1,0.01557,135.44559,842.0,92.21114
1.11,-0.0223,131.21128,790.0,93.51114
1.12,0.01151,125.67854,922.0,94.81114
1.13,-0.00123,136.35969,795.0,96.11114
1.14,-0.07234,132.49969,660.0,97.41114
1.15,-0.0223,125.08249,903.0,98.71114
1.16,-0.0233,135.12659,730.0,100.01114
1.17,-0.11065,129.70257,552.0,101.31114
1.18,-0.05168,124.56036,780.0,102.61114
1.19,-0.02184,131.34289,742.0,103.91114
1.2,-0.06588,127.00462,609.0,105.21114
1.21,-0.01298,124.27568,773.0,106.51114
1.22,0.02769,128.87144,781.0,107.81114
1.23,0.0038,133.55064,684.0,109.11114
1.24,0.01106,127.70271,763.0,110.41114
1.25,0.03543,132.59125,780.0,111.71114
1.26,-0.02434,131.28662,655.0,113.01114
1.27,0.01555,125.18311,833.0,114.31114
1.28,0.03598,129.86708,808.0,115.61114
1.29,0.02019,137.32862,730.0,116.91114
1.3,0.02322,124.95184,850.0,118.21114
1.31,0.04129,131.30283,817.0,119.51114
1.32,-0.00981,137.71772,656.0,120.81114
1.33,-0.01463,122.80703,800.0,122.11114
1.34,0.01564,130.60141,814.0,123.41114
1.35,-0.01391,138.33618,665.0,124.71114
1.36,-0.04077,124.30906,745.0,126.01114
1.37,-0.00287,127.08616,796.0,127.31114
1.38,-0.03437,135.94294,636.0,128.61114
1.39,-0.0623,120.07713,689.0,129.91114
1.4,-0.01494,133.93211,708.0,131.21114
1.41,-0.07721,140.69891,477.0,132.51114
1.42,-0.04539,118.63995,741.0,133.81114
1.43,0.01658,124.68767,758.0,135.11114
1.44,-0.01656,141.65306,544.0,136.41114
1.45,-0.03349,120.65315,676.0,137.71114
1.46,0.01412,125.73814,744.0,139.01114
1.47,0.00619,138.29422,599.0,140.31114
1.48,-0.04009,123.83604,572.0,141.61114
1.49,0.01283,128.67022,713.0,142.91114
1.5,0.03002,132.01094,714.0,144.21114
1.51,0.00971,130.17082,657.0,145.51114
1.52,0.04333,126.05476,794.0,146.81114
1.53,0.05449,130.70107,786.0,148.11114
1.54,0.00639,134.78994,636.0,149.41114
1.55,0.03619,127.05374,816.0,150.71114
1.56,0.02749,135.04648,714.0,152.01114
1.57,-0.0685,132.46489,513.0,153.31114
1.58,-0.01804,124.00436,779.0,154.61114
1.59,0.00515,129.1213,733.0,155.91114
1.6,-0.01961,131.7997,650.0,157.21114
1.61,0.00546,126.64652,760.0,158.51114
1.62,0.03062,130.06163,765.0,159.81114
1.63,-0.00476,130.64671,661.0,161.11114
1.64,0.03337,127.13432,830.0,162.41114
1.65,0.04665,130.97811,811.0,163.71114
1.66,0.00976,133.44383,706.0,165.01114
1.67,0.00501,123.5218,788.0,166.31114
1.68,0.01492,134.16481,709.0,167.61114
1.69,-0.07968,129.14991,521.0,168.91114
1.7,-0.07983,127.94638,585.0,170.21114
1.71,-0.04008,127.73228,700.0,171.51114
1.72,-0.10134,135.85663,406.0,172.81114
1.73,-0.041,126.23549,669.0,174.11114
1.74,0.01254,126.95265,711.0,175.41114
1.75,-0.00281,136.17229,573.0,176.71114
1.76,-0.01438,123.62719,639.0,178.01114
1.77,0.01632,127.72512,689.0,179.31114
1.78,-0.0208,141.48569,496.0,180.61114
1.79,-0.01214,119.30084,703.0,181.91114
1.8,0.02959,128.6993,677.0,183.21114
1.81,0.04208,133.49867,679.0,184.51114
1.82,0.03945,130.29528,726.0,185.81114
1.83,0.05329,126.08624,774.0,187.11114
1.84,0.02549,138.96608,627.0,188.41114
1.85,-0.05151,125.76485,559.0,189.71114
1.86,-0.01606,132.40957,669.0,191.01114
1.87,-0.06441,131.81877,500.0,192.31114
1.88,-0.05424,127.73228,588.0,193.61114
1.89,0.00128,128.16668,704.0,194.91114
1.9,-0.02407,133.76045,536.0,196.21114
1.91,-0.04538,125.06533,544.0,197.51114
1.92,0.00167,126.84917,640.0,198.81114
1.93,0.04546,130.08547,713.0,200.11114
1.94,-0.02443,126.20687,500.0,201.41114
1.95,-0.01117,136.59334,549.0,202.71114
1.96,-0.02062,130.58853,561.0,204.01114
1.97,-0.06993,129.31967,433.0,205.31114
1.98,-0.01929,126.97983,592.0,206.61114
1.99,0.03167,131.68955,634.0,207.91114
2.0,-0.04293,129.53424,448.0,209.21114
2.01,-0.00387,130.1465,541.0,210.51114
2.02,-0.00361,131.22797,516.0,211.81114
2.03,-0.03828,134.56917,426.0,213.11114
2.04,-0.02244,124.856,558.0,214.41114
2.05,-0.00592,129.61674,528.0,215.71114
2.06,-0.02252,131.05059,451.0,217.01114
2.07,0.00689,122.3135,595.0,218.31114
2.08,0.02659,126.74904,571.0,219.61114
2.09,-0.00216,132.3185,474.0,220.91114
2.1,0.00401,122.55335,591.0,222.21114
2.11,0.03369,126.62268,585.0,223.51114
2.12,0.02123,138.3276,495.0,224.81114
2.13,-0.01222,128.05033,520.0,226.11114
2.14,0.00601,132.95937,562.0,227.41114
2.15,-0.00297,136.88946,517.0,228.71114
2.16,-0.01911,125.93794,523.0,230.01114
2.17,-0.0039,126.36566,557.0,231.31114
2.18,0.00898,131.57463,552.0,232.61114
2.19,-0.01464,126.92881,511.0,233.91114
2.2,0.00503,131.90269,538.0,235.21114
2.21,0.01564,125.21458,613.0,236.51114
2.22,-0.0047,130.30481,497.0,237.81114
2.23,0.01612,132.72381,574.0,239.11114
2.24,-0.01192,127.74611,518.0,240.41114
2.25,-0.00046,125.30184,582.0,241.71114
2.26,0.01264,132.10869,557.0,243.01114
2.27,-0.00023,130.26524,543.0,244.31114
2.28,-0.02168,130.18942,493.0,245.61114
2.29,0.02725,132.5326,621.0,246.91114
2.3,0.00576,123.30198,587.0,248.21114
2.31,-0.06216,120.51058,209.0,249.39065
2.32,0.0545,29.68216,222.0,249.95364
2.33,0.05246,4.63963,210.0,249.9955
2.34,-0.16526,-6.6514,-428.0,249.66983
2.35,-0.37571,-93.96076,-838.0,248.66699
2.36,-0.48911,-120.75853,-581.0,247.36886
2.37,-0.54694,-145.76244,-556.0,246.06886
2.38,-0.45293,-131.32811,-576.0,244.76886
2.39,-0.35889,-134.40704,-551.0,243.46886
2.4,-0.31646,-141.6235,-643.0,242.16886
2.41,-0.24185,-136.99102,-645.0,240.86886
2.42,-0.15245,-134.77135,-573.0,239.56886
2.43,-0.10872,-132.21216,-623.0,238.26886
2.44,-0.08409,-133.67128,-643.0,236.96886
2.45,-0.03036,-132.24125,-575.0,235.66886
2.46,-0.04227,-130.50175,-658.0,234.36886
2.47,-0.03295,-130.23567,-639.0,233.06886
2.48,-0.0054,-133.60167,-581.0,231.76886
2.49,-0.02308,-127.45237,-708.0,230.46886
2.5,-0.01293,-130.88131,-635.0,229.16886
2.51,0.00861,-133.22544,-582.0,227.86886
2.52,-0.00794,-125.82493,-674.0,226.56886
2.53,-0.00765,-131.09303,-630.0,225.26886
2.54,-0.00119,-133.84724,-617.0,223.96886
2.55,0.00299,-123.60048,-674.0,222.66886
2.56,-0.00917,-130.85747,-641.0,221.36886
2.57,-0.00831,-133.01706,-647.0,220.06886
2.58,-0.01054,-125.41723,-699.0,218.76886
2.59,-0.01679,-131.47545,-650.0,217.46886
2.6,-0.0111,-131.94847,-658.0,216.16886
2.61,0.01239,-128.13902,-630.0,214.86886
2.62,-0.00891,-130.82886,-687.0,213.56886
2.63,-0.0022,-132.13587,-642.0,212.26886
2.64,0.00755,-126.62554,-667.0,210.96886
2.65,-0.01958,-130.12266,-717.0,209.66886
2.66,-0.01379,-130.00822,-689.0,208.36886
2.67,0.02817,-132.08532,-558.0,207.06886
2.68,-0.007,-127.44761,-715.0,205.76886
2.69,-0.00416,-129.84371,-672.0,204.46886
2.7,-0.00463,-129.68302,-679.0,203.16886
2.71,-0.02572,-129.32301,-739.0,201.86886
2.72,-0.00962,-131.71721,-667.0,200.56886
2.73,0.01639,-130.3072,-633.0,199.26886
2.74,-0.01357,-127.42949,-751.0,197.96886
2.75,-0.01011,-130.78356,-678.0,196.66886
2.76,0.00307,-132.84826,-645.0,195.36886
2.77,-0.01178,-126.42431,-743.0,194.06886
2.78,-0.00278,-132.20119,-672.0,192.76886
2.79,0.03188,-135.52427,-605.0,191.46886
2.8,-0.00789,-125.36621,-782.0,190.16886
2.81,-0.00846,-130.71823,-679.0,188.86886
2.82,0.003,-130.12362,-687.0,187.56886
2.83,-0.02197,-127.00033,-762.0,186.26886
2.84,-0.01969,-132.57694,-696.0,184.96886
2.85,0.01155,-134.71365,-645.0,183.66886
2.86,-0.00972,-124.8951,-786.0,182.36886
2.87,-0.01664,-132.06434,-713.0,181.06886
2.88,0.0082,-133.76904,-647.0,179.76886
2.89,-0.00945,-125.46682,-779.0,178.46886
2.9,-0.01837,-131.94895,-729.0,177.16886
2.91,-0.00189,-131.8469,-696.0,175.86886
2.92,0.0048,-127.71797,-718.0,174.56886
2.93,-0.01702,-131.38914,-755.0,173.26886
2.94,0.00426,-131.13356,-699.0,171.96886
2.95,0.00272,-125.52786,-740.0,170.66886
2.96,-0.01941,-131.91509,-745.0,169.36886
2.97,0.00084,-133.21447,-681.0,168.06886
2.98,0.01205,-126.40429,-738.0,166.76886
2.99,-0.0232,-128.72505,-789.0,165.46886
3.0,-0.00735,-131.60801,-701.0,164.16886
3.01,-0.00118,-127.07138,-754.0,162.86886
3.02,-0.02269,-129.64964,-791.0,161.56886
3.03,-0.00912,-132.63416,-728.0,160.26886
3.04,0.01977,-131.59323,-682.0,158.96886
3.05,-0.00863,-126.05667,-808.0,157.66886
3.06,-0.00272,-130.77593,-741.0,156.36886
3.07,-0.00126,-130.24235,-744.0,155.06886
3.08,-0.01941,-127.49958,-808.0,153.76886
3.09,-0.0018,-133.85487,-705.0,152.46886
3.1,0.01699,-130.09262,-730.0,151.16886
3.11,-0.0119,-126.04094,-812.0,149.86886
3.12,-0.00688,-133.27932,-729.0,148.56886
3.13,0.00573,-130.08022,-746.0,147.26886
3.14,-0.0088,-126.23501,-812.0,145.96886
3.15,-0.01146,-133.76522,-759.0,144.66886
3.16,0.01472,-130.50795,-712.0,143.36886
3.17,-0.01067,-126.43719,-828.0,142.06886
3.18,-0.02473,-132.49063,-800.0,140.76886
3.19,-0.00389,-129.8995,-772.0,139.46886
3.2,-0.00486,-127.95019,-791.0,138.16886
3.21,-0.02195,-133.43525,-817.0,136.86886
3.22,0.00729,-130.81169,-770.0,135.56886
3.23,-0.00362,-127.11334,-821.0,134.26886
3.24,-0.02109,-131.7687,-824.0,132.96886
3.25,0.00797,-130.72586,-751.0,131.66886
3.26,0.00536,-128.80468,-805.0,130.36886
3.27,-0.02205,-129.66394,-860.0,129.06886
3.28,-0.01197,-128.58486,-817.0,127.76886
3.29,-0.00069,-131.21033,-787.0,126.46886
3.3,-0.01064,-130.28955,-845.0,125.16886
3.31,0.0019,-130.02729,-796.0,123.86886
3.32,0.00029,-128.50428,-817.0,122.56886
3.33,-0.01624,-129.65775,-865.0,121.26886
3.34,0.0075,-135.13327,-766.0,119.96886
3.35,-0.01097,-126.73092,-885.0,118.66886
3.36,-0.01804,-128.02219,-859.0,117.36886
3.37,-0.00915,-132.48396,-823.0,116.06886
3.38,0.02029,-129.1852,-780.0,114.76886
3.39,-0.00853,-128.87001,-868.0,113.46886
3.4,-0.00764,-129.92573,-833.0,112.16886
3.41,0.00493,-129.0226,-819.0,110.86886
3.42,-0.00833,-128.17049,-869.0,109.56886
3.43,-0.01203,-131.01673,-831.0,108.26886
3.44,0.00753,-132.45535,-779.0,106.96886
3.45,-0.00556,-128.24106,-878.0,105.66886
3.46,-0.00562,-130.87416,-844.0,104.36886
3.47,0.00602,-129.68302,-830.0,103.06886
3.48,-0.0011,-128.58391,-842.0,101.76886
3.49,-0.01565,-129.67205,-887.0,100.46886
3.5,-0.00052,-133.62932,-823.0,99.16886
3.51,-0.00939,-127.23541,-894.0,97.86886
3.52,-0.00835,-130.62954,-849.0,96.56886
3.53,-0.00104,-130.12409,-846.0,95.26886
3.54,-0.00178,-130.05781,-874.0,93.96886
3.55,-0.00527,-131.51121,-853.0,92.66886
3.56,0.00834,-132.83587,-807.0,91.36886
3.57,0.00525,-127.05183,-872.0,90.06886
3.58,-0.00318,-129.56715,-866.0,88.76886
3.59,-0.0025,-131.02674,-842.0,87.46886
3.6,0.00108,-129.77409,-849.0,86.16886
3.61,-0.00075,-129.47893,-854.0,84.86886
3.62,0.01138,-133.6751,-818.0,83.56886
3.63,0.00865,-127.83194,-856.0,82.26886
3.64,0.00662,-129.601,-814.0,80.96886
3.65,0.0021,-131.17504,-838.0,79.66886
3.66,0.00351,-128.95393,-855.0,78.36886
3.67,-0.00146,-130.08547,-847.0,77.06886
3.68,-0.00531,-131.71673,-839.0,75.76886
3.69,0.0074,-127.54107,-837.0,74.46886
3.7,-0.00019,-130.76258,-845.0,73.16886
3.71,-0.00566,-128.15189,-865.0,71.86886
3.72,-0.00064,-130.44214,-820.0,70.56886
3.73,-0.00135,-130.67436,-837.0,69.26886
3.74,-0.00487,-128.61109,-868.0,67.96886
3.75,0.01451,-129.36401,-821.0,66.66886
3.76,0.01237,-131.97327,-807.0,65.36886
3.77,0.01135,-128.15857,-834.0,64.06886
3.78,0.00906,-129.46272,-837.0,62.76886
3.79,-0.00407,-130.63526,-847.0,61.46886
3.8,-0.001,-127.21968,-848.0,60.16886
3.81,0.01459,-132.99942,-777.0,58.86886
3.82,0.00654,-132.50637,-830.0,57.56886
3.83,0.01358,-126.21546,-826.0,56.27337
3.84,0.07323,-98.49501,-176.0,55.29992
3.85,0.07668,-19.45496,-122.0,55.00275
3.86,0.15823,-11.85942,-209.0,55.05717
3.87,0.41953,53.81727,832.0,55.65217
3.88,0.5269,110.68583,857.0,56.85114
3.89,0.58716,115.52048,558.0,58.15114
3.9,0.66713,138.09109,835.0,59.45114
3.91,0.58115,146.97981,804.0,60.75114
3.92,0.4017,141.50333,678.0,62.05114
3.93,0.32057,140.59877,806.0,63.35114
3.94,0.22429,137.49838,761.0,64.65114
3.95,0.0918,130.21898,603.0,65.95114
3.96,0.08535,137.56704,747.0,67.25114
3.97,0.0146,141.6316,595.0,68.55114
3.98,-0.04321,122.97869,609.0,69.85114
3.99,-0.0294,131.2356,605.0,71.15114
4.0,-0.04704,130.81026,564.0,72.45114
4.01,-0.04475,125.79107,609.0,73.75114
4.02,0.01207,122.54667,746.0,75.05114
4.03,0.03468,131.23655,673.0,76.35114
4.04,0.01025,125.78392,655.0,77.65114
4.05,0.04594,127.96021,763.0,78.95114
4.06,0.0518,133.80861,738.0,80.25114
4.07,0.02028,128.82614,701.0,81.55114
4.08,0.04306,127.6083,787.0,82.85114
4.09,0.02972,137.87699,695.0,84.15114
4.1,-0.03251,132.85589,605.0,85.45114
4.11,0.01622,127.68459,836.0,86.75114
4.12,0.02323,131.09732,739.0,88.05114
4.13,-0.01982,131.15788,640.0,89.35114
4.14,0.00936,126.11246,797.0,90.65114
4.15,0.02516,135.19955,749.0,91.95114
4.16,-0.04391,135.11705,589.0,93.25114
4.17,-0.01145,125.92077,767.0,94.55114
4.18,0.00992,127.93589,752.0,95.85114
4.19,-0.03591,134.19819,595.0,97.15114
4.2,0.00131,125.49925,787.0,98.45114
4.21,0.02701,129.83179,757.0,99.75114
4.22,-0.03759,139.68229,529.0,101.05114
4.23,-0.01655,123.15702,753.0,102.35114
4.24,0.01374,126.72281,743.0,103.65114
4.25,-0.02805,139.60981,566.0,104.95114
4.26,-0.00781,124.38297,757.0,106.25114
4.27,0.01855,127.6722,739.0,107.55114
4.28,-0.05101,140.203,457.0,108.85114
4.29,-0.0104,121.87243,769.0,110.15114
4.3,0.02174,125.83971,745.0,111.45114
4.31,-0.03392,138.88502,488.0,112.75114
4.32,0.00259,125.76246,763.0,114.05114
4.33,0.01691,128.29828,699.0,115.35114
4.34,0.00493,135.52999,654.0,116.65114
4.35,0.01172,123.75355,769.0,117.95114
4.36,0.04168,128.51286,769.0,119.25114
4.37,-0.0014,138.78965,575.0,120.55114
4.38,-0.03603,123.36397,653.0,121.85114
4.39,0.00681,127.71893,731.0,123.15114
4.4,-0.00031,133.27074,665.0,124.45114
4.41,-0.01298,125.48161,703.0,125.75114
4.42,0.0262,129.33779,764.0,127.05114
4.43,-0.01128,136.62863,585.0,128.35114
4.44,-0.04086,123.00062,642.0,129.65114
4.45,0.00209,126.12963,717.0,130.95114
4.46,0.00668,132.99656,670.0,132.25114
4.47,-0.03395,120.8849,607.0,133.55114
4.48,0.01796,129.97866,718.0,134.85114
4.49,0.01533,135.76841,657.0,136.15114
4.5,-0.06598,123.45934,509.0,137.45114
4.51,0.01434,128.31259,756.0,138.75114
4.52,0.02909,133.19302,689.0,140.05114
4.53,-0.02681,129.27914,578.0,141.35114
4.54,0.02079,126.16253,764.0,142.65114
4.55,0.02796,134.76706,684.0,143.95114
4.56,-0.03374,129.6401,586.0,145.25114
4.57,0.00865,128.23629,725.0,146.55114
4.58,0.02237,130.08738,723.0,147.85114
4.59,-0.04038,129.93526,530.0,149.15114
4.6,0.01977,127.63214,777.0,150.45114
4.61,0.03817,129.46749,741.0,151.75114
4.62,-0.03103,134.7723,553.0,153.05114
4.63,0.00813,125.97942,780.0,154.35114
4.64,0.02418,130.07355,715.0,155.65114
4.65,-0.01244,137.61616,594.0,156.95114
4.66,-0.02039,126.23882,670.0,158.25114
4.67,0.00886,129.06027,708.0,159.55114
4.68,-0.0543,140.00177,500.0,160.85114
4.69,-0.00425,122.67447,768.0,162.15114
4.7,0.03121,127.36988,745.0,163.45114
4.71,-0.00675,141.00647,556.0,164.75114
4.72,-0.00016,126.72377,726.0,166.05114
4.73,0.03083,128.10802,747.0,167.35114
4.74,0.00453,136.05118,595.0,168.65114
4.75,-0.00858,125.16546,707.0,169.95114
4.76,0.03002,128.22008,760.0,171.25114
4.77,0.00799,135.82277,629.0,172.55114
4.78,-0.03915,123.42739,625.0,173.85114
4.79,0.01535,131.05488,746.0,175.15114
4.8,-0.00311,138.39006,623.0,176.45114
4.81,-0.03041,125.52595,673.0,177.75114
4.82,-0.00635,128.32928,698.0,179.05114
4.83,0.00822,135.65969,656.0,180.35114
4.84,-0.01286,123.64769,685.0,181.65114
4.85,0.01457,126.93167,696.0,182.95114
4.86,0.02184,136.97577,675.0,184.25114
4.87,-0.04297,126.89447,571.0,185.55114
4.88,0.0168,126.56498,767.0,186.85114
4.89,0.0292,132.936,711.0,188.15114
4.9,-0.00601,127.47622,635.0,189.45114
4.91,0.0197,126.87874,742.0,190.75114
4.92,0.04213,129.86374,743.0,192.05114
4.93,-0.00653,129.17185,638.0,193.35114
4.94,0.02309,128.91102,790.0,194.65114
4.95,0.01314,137.77351,676.0,195.95114
4.96,-0.09381,132.10011,435.0,197.25114
4.97,-0.0494,123.43407,675.0,198.55114
4.98,-0.02695,134.84764,596.0,199.85114
4.99,-0.03811,123.28339,584.0,201.15114
5.0,-0.06298,131.19173,462.0,202.45114
5.01,-0.02121,123.59571,658.0,203.75114
5.02,-0.05641,131.63376,469.0,205.05114
5.03,-0.01248,129.33302,618.0,206.35114
5.04,0.00713,128.91102,629.0,207.65114
5.05,-0.02895,136.1227,474.0,208.95114
5.06,0.02336,120.94641,747.0,210.25114
5.07,0.00931,128.5429,546.0,211.55114
5.08,-0.02581,137.1994,472.0,212.85114
5.09,-0.04152,130.66912,494.0,214.15114
5.1,-0.01111,129.93908,560.0,215.45114
5.11,-0.02512,135.25581,477.0,216.75114
5.12,-0.00415,125.2594,598.0,218.05114
5.13,0.02429,126.50013,630.0,219.35114
5.14,0.0333,140.72371,552.0,220.65114
5.15,0.00972,130.25093,611.0,221.95114
5.16,0.01257,130.55229,613.0,223.25114
5.17,0.01023,136.64484,531.0,224.55114
5.18,-0.01172,125.69523,565.0,225.85114
5.19,-0.0014,125.98944,589.0,227.15114
5.2,0.06013,127.2049,731.0,228.45114
5.21,0.03446,125.75722,620.0,229.75114
5.22,0.01728,134.82332,575.0,231.05114
5.23,0.05466,119.79246,814.0,232.35114
5.24,0.0796,134.52864,736.0,233.65114
5.25,0.04291,134.72795,695.0,234.95114
5.26,0.01178,127.23875,697.0,236.25114
5.27,0.01929,138.61656,696.0,237.55114
5.28,-0.01818,132.62177,636.0,238.85114
5.29,-0.03414,125.56791,648.0,240.15114
5.3,0.00906,129.3807,734.0,241.45114
5.31,-0.01578,130.39017,624.0,242.75114
5.32,-0.03159,133.35514,610.0,244.05114
5.33,-0.0077,133.23975,678.0,245.35114
5.34,0.03673,125.04578,809.0,246.65114
5.35,-0.01535,130.88989,577.0,247.95114
5.36,0.00345,126.11198,618.0,249.19382
5.37,-0.00155,45.59183,136.0,249.8972
5.38,0.01588,11.94811,159.0,249.99983
5.39,-0.15769,4.29726,-23.0,249.78883
5.4,-0.38977,-87.67223,-804.0,248.91535
5.41,-0.52682,-128.48616,-676.0,247.62886
5.42,-0.63611,-133.67414,-752.0,246.32886
5.43,-0.49579,-131.58321,-489.0,245.02886
5.44,-0.399,-141.93153,-517.0,243.72886
5.45,-0.33226,-139.82248,-641.0,242.42886
5.46,-0.23665,-132.9689,-607.0,241.12886
5.47,-0.1471,-136.41644,-530.0,239.82886
5.48,-0.09317,-134.73177,-566.0,238.52886
5.49,-0.09105,-132.54118,-671.0,237.22886
5.5,-0.04839,-131.12354,-589.0,235.92886
5.51,-0.04638,-130.85556,-645.0,234.62886
5.52,-0.0443,-131.19745,-648.0,233.32886
5.53,-0.01381,-132.71046,-576.0,232.02886
5.54,-0.01515,-126.69325,-668.0,230.72886
5.55,-0.01312,-132.53212,-634.0,229.42886
5.56,-0.00165,-133.16679,-604.0,228.12886
5.57,-0.00012,-127.15101,-649.0,226.82886
5.58,-0.01428,-130.56087,-665.0,225.52886
5.59,-0.01226,-131.08492,-657.0,224.22886
5.6,-0.00142,-128.74031,-641.0,222.92886
5.61,-0.01654,-132.00235,-663.0,221.62886
5.62,-0.00612,-131.6247,-644.0,220.32886
5.63,0.01728,-127.58303,-615.0,219.02886
5.64,-0.01269,-129.89998,-688.0,217.72886
5.65,-0.01775,-129.03976,-684.0,216.42886
5.66,0.01877,-133.25453,-568.0,215.12886
5.67,-0.0066,-129.09365,-720.0,213.82886
5.68,0.00106,-130.80025,-630.0,212.52886
5.69,0.00754,-128.83377,-631.0,211.22886
5.7,-0.02032,-129.13656,-727.0,209.92886
5.71,-0.01908,-129.82607,-685.0,208.62886
5.72,0.0154,-132.22456,-590.0,207.32886
5.73,-0.00406,-128.93057,-689.0,206.02886
5.74,-0.00729,-129.14562,-682.0,204.72886
5.75,0.02796,-134.00507,-558.0,203.42886
5.76,-0.00739,-126.83249,-742.0,202.12886
5.77,-0.011,-129.89759,-665.0,200.82886
5.78,-0.00279,-132.44343,-649.0,199.52886
5.79,-0.01785,-127.70939,-741.0,198.22886
5.8,-0.01657,-131.06871,-685.0,196.92886
5.81,-0.00606,-131.6576,-661.0,195.62886
5.82,-0.01092,-126.94502,-728.0,194.32886
5.83,-0.01262,-132.31564,-701.0,193.02886
5.84,0.00381,-134.36937,-652.0,191.72886
5.85,-0.00459,-124.5985,-730.0,190.42886
5.86,-0.01331,-132.08485,-701.0,189.12886
5.87,0.00849,-134.80902,-662.0,187.82886
5.88,-0.00591,-125.38624,-754.0,186.52886
5.89,-0.01309,-131.44636,-699.0,185.22886
5.9,-0.00455,-133.36563,-670.0,183.92886
5.91,0.00756,-125.5517,-718.0,182.62886
5.92,-0.01227,-131.75011,-721.0,181.32886
5.93,-0.00266,-133.33941,-681.0,180.02886
5.94,-0.00522,-125.69237,-753.0,178.72886
5.95,-0.01936,-131.14977,-740.0,177.42886
5.96,0.00047,-131.70624,-666.0,176.12886
5.97,0.02582,-124.74775,-675.0,174.82886
5.98,-0.01553,-129.39024,-777.0,173.52886
5.99,-0.00883,-130.54132,-739.0,172.22886
6.0,0.00384,-129.07839,-707.0,170.92886
6.01,-0.02219,-128.71599,-767.0,169.62886
6.02,-0.00239,-132.00331,-703.0,168.32886
6.03,0.0138,-128.40176,-693.0,167.02886
6.04,-0.02118,-127.9192,-797.0,165.72886
6.05,-0.00974,-131.70004,-705.0,164.42886
6.06,0.0136,-132.27129,-672.0,163.12886
6.07,-0.01413,-126.19305,-818.0,161.82886
6.08,-0.01258,-131.4559,-728.0,160.52886
6.09,-0.0036,-130.20134,-732.0,159.22886
6.1,-0.01718,-127.99692,-796.0,157.92886
6.11,-0.00205,-132.80725,-717.0,156.62886
6.12,0.01461,-128.06368,-725.0,155.32886
6.13,-0.01249,-127.52247,-794.0,154.02886
6.14,-0.00748,-133.32939,-736.0,152.72886
6.15,0.01324,-131.78015,-711.0,151.42886
6.16,-0.01009,-126.10388,-814.0,150.12886
6.17,-0.01006,-132.5984,-740.0,148.82886
6.18,0.01028,-132.0405,-707.0,147.52886
6.19,5.72205e-06,-125.91743,-813.0,146.22886
6.2,-0.0174,-131.66618,-780.0,144.92886
6.21,-0.00615,-129.71735,-748.0,143.62886
6.22,0.00654,-128.56197,-749.0,142.32886
6.23,-0.01944,-131.75344,-810.0,141.02886
6.24,0.00371,-129.03214,-753.0,139.72886
6.25,-0.01189,-129.81606,-796.0,138.42886
6.26,-0.02775,-130.09787,-839.0,137.12886
6.27,0.00346,-134.53865,-733.0,135.82886
6.28,0.00711,-127.92683,-792.0,134.52886
6.29,-0.01966,-128.34597,-827.0,133.22886
6.3,0.00302,-130.84412,-744.0,131.92886
6.31,0.00422,-130.05018,-792.0,130.62886
6.32,-0.01972,-128.97062,-846.0,129.32886
6.33,0.00372,-131.71434,-751.0,128.02886
6.34,0.0012,-130.21374,-793.0,126.72886
6.35,-0.01222,-128.78704,-826.0,125.42886
6.36,-0.00255,-130.1589,-791.0,124.12886
6.37,0.00163,-131.02818,-781.0,122.82886
6.38,-0.01557,-128.77083,-859.0,121.52886
6.39,0.00179,-131.58751,-782.0,120.22886
6.4,0.00046,-130.52225,-796.0,118.92886
6.41,-0.01303,-128.33929,-844.0,117.62886
6.42,-0.01128,-130.46646,-824.0,116.32886
6.43,-0.01239,-132.71713,-833.0,115.02886
6.44,0.00113,-130.9576,-803.0,113.72886
6.45,0.00281,-130.28336,-797.0,112.42886
6.46,-0.01638,-128.82471,-879.0,111.12886
6.47,-0.00071,-128.58438,-819.0,109.82886
6.48,0.00512,-131.86789,-801.0,108.52886
6.49,0.01214,-130.23615,-793.0,107.22886
6.5,-0.00071,-128.18623,-845.0,105.92886
6.51,-0.00764,-129.23956,-849.0,104.62886
6.52,-0.00179,-132.69043,-794.0,103.32886
6.53,-0.00576,-129.19044,-839.0,102.02886
6.54,-0.00887,-130.96619,-837.0,100.72886
6.55,-0.00521,-130.56612,-851.0,99.42886
6.56,-0.00546,-128.93438,-846.0,98.12886
6.57,-0.01129,-130.71871,-847.0,96.82886
6.58,-0.00227,-131.6638,-835.0,95.52886
6.59,6.86646e-05,-128.64065,-872.0,94.22886
6.6,-0.00705,-129.85086,-851.0,92.92886
6.61,-0.00382,-132.0591,-824.0,91.62886
6.62,0.00107,-128.30973,-851.0,90.32886
6.63,-0.0056,-129.82273,-871.0,89.02886
6.64,-0.01409,-129.02594,-871.0,87.72886
6.65,0.00298,-131.01292,-808.0,86.42886
6.66,0.00436,-130.3196,-836.0,85.12886
6.67,-0.0009,-130.01585,-877.0,83.82886
6.68,0.0051,-129.63009,-834.0,82.52886
6.69,0.00394,-129.85706,-841.0,81.22886
6.7,-0.00133,-129.49038,-851.0,79.92886
6.71,0.00302,-129.64773,-837.0,78.62886
6.72,0.0039,-130.35536,-837.0,77.32886
6.73,0.00067,-128.94535,-851.0,76.02886
6.74,0.00308,-130.66149,-831.0,74.72886
6.75,0.00095,-131.50787,-848.0,73.42886
6.76,-0.0003,-127.92397,-856.0,72.12886
6.77,0.01026,-133.12483,-782.0,70.82886
6.78,0.00901,-129.63104,-834.0,69.52886
6.79,0.0124,-127.63405,-829.0,68.22886
6.8,-0.00591,-133.92878,-834.0,66.92886
6.81,0.01842,-129.69065,-796.0,65.62886
6.82,0.01801,-127.60353,-809.0,64.32886
6.83,-0.00829,-131.33192,-858.0,63.02886
6.84,0.00122,-130.47457,-807.0,61.72886
6.85,0.01059,-128.0961,-805.0,60.42886
6.86,-0.01019,-132.96461,-838.0,59.12886
6.87,0.00591,-130.33485,-819.0,57.82886
6.88,0.03337,-129.52995,-746.0,56.52902
6.89,0.04331,-111.18221,-415.0,55.4406
6.9,0.08336,-28.13339,-41.0,55.01557
6.91,0.12886,-9.21583,-230.0,55.02083
6.92,0.37532,30.06983,721.0,55.47717
6.93,0.47767,103.13034,836.0,56.59114
6.94,0.55572,128.40176,453.0,57.89114
6.95,0.6541,132.57837,843.0,59.19114
6.96,0.57398,143.85176,714.0,60.49114
6.97,0.41634,146.92211,614.0,61.79114
6.98,0.29556,138.47113,663.0,63.09114
6.99,0.20434,139.88829,652.0,64.39114
7.0,0.12428,131.53267,663.0,65.69114
7.01,0.12231,130.48697,798.0,66.99114
7.02,0.09003,135.75172,710.0,68.29114
7.03,0.05682,131.87551,732.0,69.59114
7.04,0.06996,128.9072,812.0,70.89114
7.05,0.04525,134.83572,723.0,72.19114
7.06,-0.00248,129.76265,681.0,73.49114
7.07,0.01746,127.55108,786.0,74.79114
7.08,0.01049,133.70895,740.0,76.09114
7.09,-0.01265,128.9854,724.0,77.39114
7.1,0.01375,126.70231,799.0,78.69114
7.11,0.01955,132.49731,759.0,79.99114
7.12,-0.00103,129.57573,734.0,81.29114
7.13,0.01936,127.65455,811.0,82.59114
7.14,0.03214,130.3525,805.0,83.89114
7.15,0.003,130.62286,728.0,85.19114
7.16,0.02194,128.0036,846.0,86.49114
7.17,0.03376,131.01244,827.0,87.79114
7.18,-0.00537,132.13205,740.0,89.09114
7.19,-0.00319,128.41272,804.0,90.39114
7.2,0.01144,131.60706,802.0,91.69114
7.21,-0.01634,128.49808,755.0,92.99114
7.22,-0.00696,127.12479,799.0,94.29114
7.23,0.01534,130.90134,824.0,95.59114
7.24,-0.05125,133.38614,610.0,96.89114
7.25,-0.0295,124.23849,801.0,98.19114
7.26,0.00444,128.53622,793.0,99.49114
7.27,-0.02351,133.54063,656.0,100.79114
7.28,-0.02661,123.17944,750.0,102.09114
7.29,0.01227,129.6978,801.0,103.39114
7.3,-0.01946,133.09908,666.0,104.69114
7.31,-0.01238,125.10014,765.0,105.99114
7.32,0.02485,129.01354,842.0,107.29114
7.33,-0.00226,133.23212,714.0,108.59114
7.34,-0.00698,126.38283,759.0,109.89114
7.35,0.02299,129.49371,811.0,111.19114
7.36,-0.00505,133.47244,701.0,112.49114
7.37,-0.01727,126.38617,750.0,113.79114
7.38,0.01644,129.50087,803.0,115.09114
7.39,-0.01373,136.39688,658.0,116.39114
7.4,-0.04978,130.02825,634.0,117.69114
7.41,-0.00822,128.99113,778.0,118.99114
7.42,-0.02119,134.04989,658.0,120.29114
7.43,-0.01762,126.71852,730.0,121.59114
7.44,0.01639,127.27499,789.0,122.89114
7.45,0.01799,132.95412,720.0,124.19114
7.46,-0.02183,130.76496,663.0,125.49114
7.47,0.01897,127.94781,815.0,126.79114
7.48,0.00809,136.16657,700.0,128.09114
7.49,-0.04268,129.12226,632.0,129.39114
7.5,-0.01588,128.23057,718.0,130.69114
7.51,-0.01011,132.45821,676.0,131.99114
7.52,-0.02747,132.19404,635.0,133.29114
7.53,-0.00084,123.67535,777.0,134.59114
7.54,0.00456,133.80289,664.0,135.89114
7.55,-0.04063,134.25493,580.0,137.19114
7.56,-6.48499e-05,123.27862,773.0,138.49114
7.57,0.01993,129.26769,709.0,139.79114
7.58,-0.0211,137.54416,569.0,141.09114
7.59,0.00636,123.79742,768.0,142.39114
7.6,0.02355,128.33357,748.0,143.69114
7.61,-0.00531,135.0913,633.0,144.99114
7.62,0.01904,126.49107,771.0,146.29114
7.63,0.03471,129.71544,777.0,147.59114
7.64,-0.01218,138.9327,591.0,148.89114
7.65,-0.01424,123.59428,728.0,150.19114
7.66,0.01006,131.1183,721.0,151.49114
7.67,-0.01957,136.26575,588.0,152.79114
7.68,-0.02085,123.4045,705.0,154.09114
7.69,0.01351,129.45747,754.0,155.39114
7.7,-0.00717,132.70855,654.0,156.69114
7.71,-0.00674,125.71049,712.0,157.99114
7.72,0.02937,129.09365,773.0,159.29114
7.73,-0.024,140.88678,549.0,160.59114
7.74,-0.03591,131.90269,663.0,161.89114
7.75,-0.00757,126.54734,717.0,163.19114
7.76,-0.00886,133.93164,647.0,164.49114
7.77,-0.01936,127.4209,659.0,165.79114
7.78,0.02291,127.58493,758.0,167.09114
7.79,0.02646,135.6473,687.0,168.39114
7.8,-0.00768,126.49918,664.0,169.69114
7.81,0.02599,129.85182,754.0,170.99114
7.82,-0.0257,141.32166,548.0,172.29114
7.83,-0.04811,123.93188,668.0,173.59114
7.84,-0.01026,128.0694,692.0,174.89114
7.85,0.00073,134.73654,640.0,176.19114
7.86,-0.03048,125.82302,620.0,177.49114
7.87,-0.0077,126.12295,661.0,178.79114
7.88,0.0181,128.81756,717.0,180.09114
7.89,-0.02978,130.14269,555.0,181.39114
7.9,0.00995,127.06947,715.0,182.69114
7.91,0.03409,129.08268,744.0,183.99114
7.92,-0.04942,135.8614,457.0,185.29114
7.93,0.00315,128.90434,735.0,186.59114
7.94,-0.01093,132.95794,595.0,187.89114
7.95,-0.04231,124.16935,565.0,189.19114
7.96,-0.01334,127.64359,636.0,190.49114
7.97,0.02193,126.69039,715.0,191.79114
7.98,-0.02978,139.20593,472.0,193.09114
7.99,-0.03507,124.93849,619.0,194.39114
8.0,-0.01648,130.23424,593.0,195.69114
8.01,-0.05443,134.92537,451.0,196.99114
8.02,-0.0344,127.22301,593.0,198.29114
8.03,-0.01769,127.70033,576.0,199.59114
8.04,-0.02125,139.2312,487.0,200.89114
8.05,-0.03566,128.96633,524.0,202.19114
8.06,0.00818,130.27525,602.0,203.49114
8.07,0.01479,139.38856,525.0,204.79114
8.08,0.0121,123.11411,617.0,206.09114
8.09,-0.01766,127.10524,506.0,207.39114
8.1,0.00656,135.6225,559.0,208.69114
8.11,-0.00549,128.15952,560.0,209.99114
8.12,0.00471,128.97778,576.0,211.29114
8.13,0.06365,127.17438,729.0,212.59114
8.14,0.02537,128.75605,543.0,213.89114
8.15,-0.00851,133.91161,485.0,215.19114
8.16,0.008,119.15684,671.0,216.49114
8.17,0.00983,131.24323,561.0,217.79114
8.18,0.0028,129.55236,581.0,219.09114
8.19,-0.01378,128.75891,574.0,220.39114
8.2,0.03482,131.49071,710.0,221.69114
8.21,0.0416,135.75697,655.0,222.99114
8.22,0.01775,128.08943,626.0,224.29114
8.23,-0.01971,127.29931,541.0,225.59114
8.24,0.02946,130.42116,709.0,226.89114
8.25,-0.00878,133.27217,559.0,228.19114
8.26,0.00582,126.85204,681.0,229.49114
8.27,0.01598,126.28698,666.0,230.79114
8.28,0.05775,127.4581,769.0,232.09114
8.29,-0.02329,133.72421,531.0,233.39114
8.3,-0.01695,138.45921,593.0,234.69114
8.31,-0.02981,125.59032,625.0,235.99114
