timestamp,axis,score,settle_ms,fe_settle_peak,ringing,fe_cruise_rms,fe_accel_peak,osc_hz,vel_reach,vel_overshoot_pct,settle_spread_ms,n_moves,duration_s,band,band_source,drive_type,pn100_tuning_mode,pn100_vibration,pn100_damping,pn101,pn102,pn103,pn104,pn106,pn112,pn113,pn114,pn115,pn135,pn_changes
15:09:43,0,7.0,,3.1471,1,3.1717,3.3299,24.6,0.937,89.42,,2,4.0125,0.001067,auto (4x noise),DX4,5,0,0,71,500,100,30,451,0,5,0,5,16,
15:11:26,0,7.0,,0.5722,1,0.6384,0.6618,24.8,0.989,48.85,,2,6.293,0.000944,auto (4x noise),DX4,5,0,0,71,500,100,30,451,80,5,0,5,16,Pn112 0→80
15:12:20,0,7.0,195.0,0.2483,1,0.3231,0.3258,24.9,0.996,43.41,30.5,2,3.4815,0.001832,auto (4x noise),DX4,5,0,0,71,500,100,30,451,90,5,0,5,16,Pn112 80→90
15:13:02,0,7.0,,0.2495,1,0.3224,0.3253,24.8,0.995,42.73,,2,4.9105,7.9e-05,auto (4x noise),DX4,5,0,0,71,500,90,30,451,90,5,0,5,16,Pn103 100→90
15:13:49,0,7.0,,0.2373,0,0.3238,0.3236,24.9,0.996,45.23,,2,3.148,0.00253,auto (4x noise),DX4,5,0,0,71,400,90,30,451,90,5,0,5,16,Pn102 500→400
15:14:15,0,7.0,,0.2631,1,0.3202,0.3276,24.9,0.995,42.82,,2,3.2935,0.000226,auto (4x noise),DX4,5,0,0,71,700,90,30,451,90,5,0,5,16,Pn102 400→700
15:19:02,0,7.0,,0.3125,1,0.3223,0.327,24.8,0.994,38.63,,2,3.3525,7.2e-05,auto (4x noise),DX4,5,0,0,71,600,90,30,451,90,5,90,2,16,Pn102 700→600; Pn114 0→90; Pn115 5→2
15:19:34,0,5.0,,0.0572,4,0.0186,0.0356,24.9,1.0,37.09,,2,3.185,6.5e-05,auto (4x noise),DX4,5,0,0,71,600,90,30,451,100,5,90,2,16,Pn112 90→100
15:20:17,0,5.0,,0.0539,4,0.0162,0.0343,24.9,1.0,37.1,,2,3.013,0.00011,auto (4x noise),DX4,5,0,0,71,600,80,30,451,100,5,90,2,16,Pn103 90→80
15:20:43,0,7.0,,0.0692,2,0.0689,0.0629,24.8,0.999,37.47,,2,4.9535,0.000481,auto (4x noise),DX4,5,0,0,71,600,80,30,451,98,5,90,2,16,Pn112 100→98
15:20:58,0,6.0,,0.118,4,0.067,0.0928,24.9,0.998,34.54,,2,2.4885,4.5e-05,auto (4x noise),DX4,5,0,0,71,600,80,30,451,98,0,90,2,16,Pn113 5→0
15:21:25,0,7.0,,0.0452,2,0.0725,0.0612,24.9,0.999,39.82,,2,2.7655,8.5e-05,auto (4x noise),DX4,5,0,0,71,600,80,30,451,98,10,90,2,16,Pn113 0→10
15:21:54,0,6.0,,0.0478,4,0.0553,0.0539,24.9,1.0,39.94,,2,2.637,5.8e-05,auto (4x noise),DX4,5,0,0,71,600,80,40,451,98,10,90,2,16,Pn104 30→40
15:22:22,0,7.0,,0.0438,2,0.0739,0.0625,24.9,0.999,39.95,,2,2.8855,6.8e-05,auto (4x noise),DX4,5,0,0,71,600,80,29,451,98,10,90,2,16,Pn104 40→29
15:22:49,0,7.0,,0.0414,2,0.0734,0.0634,24.9,0.999,39.98,,2,2.48,5.7e-05,auto (4x noise),DX4,5,0,0,71,600,70,29,451,98,10,90,2,16,Pn103 80→70
15:23:14,0,7.0,,0.0386,2,0.0727,0.0637,24.9,0.999,39.97,,2,2.95,0.000107,auto (4x noise),DX4,5,0,0,71,600,60,29,451,98,10,90,2,16,Pn103 70→60
15:23:39,0,7.0,,0.0443,2,0.0735,0.0627,24.9,0.999,40.37,,2,2.7575,4.8e-05,auto (4x noise),DX4,5,0,0,71,500,60,29,451,98,10,90,2,16,Pn102 600→500
15:23:56,0,7.0,,0.0314,2,0.072,0.065,24.9,1.0,38.84,,2,3.7365,0.000286,auto (4x noise),DX4,5,0,0,71,800,60,29,451,98,10,90,2,16,Pn102 500→800
15:24:37,0,8.0,158.0,0.0474,0,0.0717,0.0932,24.9,1.0,43.29,4.5,2,3.0625,0.000929,auto (4x noise),DX4,5,0,0,71,800,60,29,451,98,10,0,2,16,Pn114 90→0
15:25:07,0,7.0,183.5,0.0418,1,0.0716,0.0892,24.9,1.0,42.22,4.0,2,3.067,0.000393,auto (4x noise),DX4,5,0,0,71,800,60,29,451,98,10,10,10,16,Pn114 0→10; Pn115 2→10
15:25:25,0,7.0,186.5,0.0472,1,0.0716,0.0926,24.9,1.0,43.28,10.0,2,3.72,0.000317,auto (4x noise),DX4,5,0,0,71,800,60,29,451,98,10,0,10,16,Pn114 10→0
15:25:51,0,7.0,191.0,0.0478,1,0.0715,0.0926,24.9,1.0,43.38,13.0,2,3.733,0.000291,auto (4x noise),DX4,5,0,0,71,800,60,29,451,98,10,0,2,16,Pn115 10→2
15:26:16,0,7.0,,0.0622,1,0.0532,0.0898,24.9,1.001,42.79,,2,3.0975,0.000396,auto (4x noise),DX4,5,0,0,71,800,60,40,451,98,10,0,2,16,Pn104 29→40
15:27:30,0,7.0,,0.0675,0,0.0538,0.0941,24.9,1.001,43.48,,2,4.5785,0.000596,auto (4x noise),DX4,5,0,0,71,800,60,40,451,98,10,0,2,10,Pn135 16→10
15:27:50,0,7.0,,0.0719,0,0.0541,0.0966,24.9,1.001,44.29,,2,4.5405,0.000458,auto (4x noise),DX4,5,0,0,71,800,60,40,451,98,10,0,2,4,Pn135 10→4
15:28:10,0,8.0,108.5,0.0273,0,0.0503,0.0668,24.9,1.0,38.08,2.0,2,3.0695,0.000595,auto (4x noise),DX4,5,0,0,71,800,60,40,451,98,4,0,2,4,Pn113 10→4
15:28:22,0,8.0,119.0,0.027,0,0.0506,0.068,24.9,1.0,38.05,12.0,2,2.746,0.000543,auto (4x noise),DX4,5,0,0,71,800,60,40,451,98,4,0,2,4,
15:28:44,0,7.0,,0.0492,0,0.0274,0.0669,24.9,1.001,37.76,,2,3.2055,0.000463,auto (4x noise),DX4,5,0,0,71,800,60,40,451,99,4,0,2,4,Pn112 98→99
15:28:58,0,8.0,,0.0697,0,0.1224,0.121,24.8,0.999,39.57,,2,2.629,0.000671,auto (4x noise),DX4,5,0,0,71,800,60,40,451,95,4,0,2,4,Pn112 99→95
15:29:40,0,8.0,101.5,0.0274,0,0.051,0.0737,24.8,1.0,38.37,3.0,2,2.5885,0.001063,auto (4x noise),DX4,5,0,0,71,800,60,40,451,98,4,0,2,4,Pn112 95→98
15:30:01,0,8.0,120.0,0.0269,0,0.0502,0.0697,25.0,1.0,38.2,14.0,2,4.3875,0.000577,auto (4x noise),DX4,5,0,0,71,800,60,40,451,98,4,0,2,4,
15:30:25,0,8.0,123.5,0.0166,1,0.015,0.016,7.5,1.0,84.32,0.5,2,8.0925,0.000721,auto (4x noise),DX4,5,0,0,71,800,60,40,451,98,4,0,2,4,
15:31:04,0,8.0,104.5,0.0159,1,0.015,0.0158,7.5,1.0,84.32,0.0,2,8.2845,0.000808,auto (4x noise),DX4,5,0,0,71,800,50,40,451,98,4,0,2,4,Pn103 60→50
15:31:45,0,8.0,113.5,0.0167,1,0.0171,0.0179,7.6,1.0,84.07,2.5,2,7.884,0.000806,auto (4x noise),DX4,5,0,0,71,800,50,35,451,98,4,0,2,4,Pn104 40→35
15:32:09,0,8.0,102.5,0.0172,1,0.0134,0.0142,7.5,1.0,84.23,8.0,2,9.657,0.000661,auto (4x noise),DX4,5,0,0,71,800,50,45,451,98,4,0,2,4,Pn104 35→45
15:33:00,0,8.0,94.0,0.0282,0,0.0446,0.067,25.0,1.0,37.58,9.5,2,4.0475,0.000709,auto (4x noise),DX4,5,0,0,71,800,50,45,451,98,4,0,2,4,
15:33:13,0,8.0,91.5,0.0294,0,0.0667,0.091,37.4,1.0,24.21,17.0,2,3.885,0.000779,auto (4x noise),DX4,5,0,0,71,800,50,45,451,98,4,0,2,4,
